{"Ru": {"8": 0.5, "3": 0.82, "5": 0.705, "4": 0.76, "7": 0.52}, "Re": {"5": 0.72, "4": 0.77, "7": 0.595, "6": 0.69}, "Ra": {"2": 1.73}, "Rb": {"1": 1.7925000000000002}, "Rh": {"3": 0.805, "5": 0.69, "4": 0.74}, "Be": {"2": 0.4333333333333333}, "Ba": {"2": 1.6142857142857143}, "Bi": {"3": 1.1933333333333334, "5": 0.9}, "Bk": {"3": 1.1, "4": 1.02}, "Br": {"5": 0.45, "3": 0.73, "-1": 1.82, "7": 0.46}, "D": {"1": 0.04}, "H": {"1": -0.13999999999999999}, "P": {"3": 0.58, "5": 0.42}, "Os": {"8": 0.53, "5": 0.715, "4": 0.77, "7": 0.665, "6": 0.6575}, "OH": {"-1": 1.205}, "Ge": {"2": 0.87, "4": 0.6000000000000001}, "Gd": {"3": 1.1645}, "Ga": {"3": 0.6866666666666666}, "Pr": {"3": 1.2383333333333333, "4": 1.045}, "Pt": {"2": 0.84, "5": 0.71, "4": 0.765}, "Pu": {"3": 1.14, "5": 0.88, "4": 1.05, "6": 0.85}, "C": {"4": 0.21666666666666665}, "Pb": {"2": 1.4375, "4": 0.9137500000000001}, "Pa": {"3": 1.18, "5": 1.0200000000000002, "4": 1.095}, "Pd": {"1": 0.73, "3": 0.9, "2": 0.89, "4": 0.755}, "Xe": {"8": 0.5800000000000001}, "Po": {"4": 1.15, "6": 0.81}, "Pm": {"3": 1.2089999999999999}, "Ho": {"3": 1.1669999999999998}, "Hf": {"4": 0.8599999999999999}, "Hg": {"1": 1.2200000000000002, "2": 1.0924999999999998}, "Mg": {"2": 0.8500000000000001}, "K": {"1": 1.6400000000000001}, "Mn": {"3": 0.7416666666666666, "2": 0.935, "5": 0.47, "4": 0.6000000000000001, "7": 0.495, "6": 0.395}, "O": {"-2": 1.242}, "S": {"6": 0.345, "4": 0.51, "-2": 1.7}, "W": {"5": 0.76, "4": 0.8, "6": 0.65}, "Zn": {"2": 0.8700000000000001}, "Eu": {"3": 1.17575, "2": 1.3940000000000001}, "Zr": {"4": 0.8866666666666666}, "Er": {"3": 1.11525}, "Ni": {"3": 0.72, "2": 0.73, "4": 0.62}, "No": {"2": 1.24}, "Na": {"1": 1.2742857142857142}, "Nb": {"3": 0.86, "5": 0.7775, "4": 0.875}, "Nd": {"3": 1.27125, "2": 1.46}, "Np": {"3": 1.15, "2": 1.24, "5": 0.89, "4": 1.065, "7": 0.85, "6": 0.86}, "Fr": {"1": 1.94}, "Fe": {"3": 0.749, "2": 0.8560000000000001, "4": 0.725, "6": 0.39}, "B": {"3": 0.26999999999999996}, "F": {"-1": 1.16625, "7": 0.22}, "Sr": {"2": 1.4333333333333333}, "N": {"3": 0.3, "5": 0.157, "-3": 1.32}, "Si": {"4": 0.47000000000000003}, "Sn": {"4": 0.8240000000000001}, "Sm": {"3": 1.2258, "2": 1.4100000000000001}, "V": {"3": 0.78, "2": 0.93, "5": 0.5916666666666667, "4": 0.75}, "Sc": {"3": 0.9475}, "Sb": {"3": 0.9133333333333334, "5": 0.74}, "Se": {"6": 0.49, "4": 0.64, "-2": 1.84}, "Co": {"3": 0.7175, "2": 0.849, "4": 0.605}, "Cm": {"3": 1.11, "4": 1.04}, "Cl": {"5": 0.26, "-1": 1.67, "7": 0.315}, "Ca": {"2": 1.2950000000000002}, "Cf": {"3": 1.09, "4": 1.0105}, "Ce": {"3": 1.3081666666666665, "4": 1.1525}, "Cd": {"2": 1.1466666666666667}, "Tm": {"3": 1.1153333333333333, "2": 1.2}, "Cs": {"1": 1.9283333333333335}, "Cr": {"3": 0.755, "2": 0.905, "5": 0.6083333333333333, "4": 0.62, "6": 0.49}, "Cu": {"1": 0.75, "3": 0.68, "2": 0.77}, "La": {"3": 1.3296666666666666}, "Li": {"1": 0.8966666666666666}, "Tl": {"1": 1.7366666666666666, "3": 1.0116666666666667}, "Lu": {"3": 1.0966666666666667}, "Th": {"4": 1.24}, "Ti": {"3": 0.81, "2": 1.0, "4": 0.70875}, "Te": {"6": 0.635, "4": 0.8566666666666668, "-2": 2.07}, "Tb": {"3": 1.1495, "4": 0.96}, "Tc": {"5": 0.74, "4": 0.785, "7": 0.605}, "Ta": {"3": 0.86, "5": 0.83, "4": 0.82}, "Yb": {"3": 1.095, "2": 1.22}, "Dy": {"3": 1.138, "2": 1.27}, "I": {"5": 0.835, "-1": 2.06, "7": 0.615}, "U": {"3": 1.165, "5": 0.94, "4": 1.152, "6": 0.8140000000000001}, "Y": {"3": 1.1285}, "Ac": {"3": 1.26}, "Ag": {"1": 1.2014285714285715, "3": 0.8500000000000001, "2": 1.0050000000000001}, "Ir": {"3": 0.82, "5": 0.71, "4": 0.765}, "Am": {"3": 1.1724999999999999, "2": 1.3999999999999997, "4": 1.04}, "Al": {"3": 0.6083333333333333}, "As": {"3": 0.72, "5": 0.5375}, "Au": {"1": 1.51, "3": 0.905, "5": 0.71}, "At": {"7": 0.76}, "In": {"3": 0.9199999999999999}, "Mo": {"3": 0.83, "5": 0.675, "4": 0.79, "6": 0.6975}}