{"Ru": {"8": 0.36, "3": 0.68, "5": 0.565, "4": 0.62, "7": 0.38}, "Re": {"5": 0.58, "4": 0.63, "7": 0.455, "6": 0.55}, "Ra": {"2": 1.5899999999999999}, "Rb": {"1": 1.6525}, "Rh": {"3": 0.665, "5": 0.55, "4": 0.6}, "Be": {"2": 0.29333333333333333}, "Ba": {"2": 1.4742857142857144}, "Bi": {"3": 1.0533333333333335, "5": 0.76}, "Bk": {"3": 0.96, "4": 0.88}, "Br": {"5": 0.31, "3": 0.59, "-1": 1.96, "7": 0.32}, "D": {"1": -0.1}, "H": {"1": -0.28}, "P": {"3": 0.44, "5": 0.27999999999999997}, "Os": {"8": 0.39, "5": 0.575, "4": 0.63, "7": 0.525, "6": 0.5175000000000001}, "OH": {"-1": 1.3450000000000002}, "Ge": {"2": 0.73, "4": 0.46}, "Gd": {"3": 1.0245}, "Ga": {"3": 0.5466666666666666}, "Pr": {"3": 1.0983333333333334, "4": 0.905}, "Pt": {"2": 0.7, "5": 0.57, "4": 0.625}, "Pu": {"3": 1.0, "5": 0.74, "4": 0.9099999999999999, "6": 0.71}, "C": {"4": 0.07666666666666666}, "Pb": {"2": 1.2975, "4": 0.7737499999999999}, "Pa": {"3": 1.04, "5": 0.8799999999999999, "4": 0.9550000000000001}, "Pd": {"1": 0.59, "3": 0.76, "2": 0.75, "4": 0.615}, "Xe": {"8": 0.44}, "Po": {"4": 1.01, "6": 0.67}, "Pm": {"3": 1.069}, "Ho": {"3": 1.0270000000000001}, "Hf": {"4": 0.72}, "Hg": {"1": 1.08, "2": 0.9524999999999999}, "Mg": {"2": 0.71}, "K": {"1": 1.5}, "Mn": {"3": 0.6016666666666667, "2": 0.7949999999999999, "5": 0.33, "4": 0.46, "7": 0.355, "6": 0.255}, "O": {"-2": 1.3820000000000001}, "S": {"6": 0.205, "4": 0.37, "-2": 1.84}, "W": {"5": 0.62, "4": 0.66, "6": 0.5099999999999999}, "Zn": {"2": 0.73}, "Eu": {"3": 1.03575, "2": 1.254}, "Zr": {"4": 0.7466666666666666}, "Er": {"3": 0.97525}, "Ni": {"3": 0.5800000000000001, "2": 0.5900000000000001, "4": 0.48}, "No": {"2": 1.1}, "Na": {"1": 1.1342857142857141}, "Nb": {"3": 0.72, "5": 0.6375000000000001, "4": 0.7350000000000001}, "Nd": {"3": 1.13125, "2": 1.32}, "Np": {"3": 1.01, "2": 1.1, "5": 0.75, "4": 0.925, "7": 0.71, "6": 0.72}, "Fr": {"1": 1.8}, "Fe": {"3": 0.609, "2": 0.716, "4": 0.585, "6": 0.25}, "B": {"3": 0.13}, "F": {"-1": 1.30625, "7": 0.08}, "Sr": {"2": 1.2933333333333334}, "N": {"3": 0.16, "5": 0.013000000000000005, "-3": 1.46}, "Si": {"4": 0.33}, "Sn": {"4": 0.6839999999999999}, "Sm": {"3": 1.0857999999999999, "2": 1.27}, "V": {"3": 0.64, "2": 0.79, "5": 0.45166666666666666, "4": 0.61}, "Sc": {"3": 0.8075}, "Sb": {"3": 0.7733333333333334, "5": 0.6}, "Se": {"6": 0.35, "4": 0.5, "-2": 1.98}, "Co": {"3": 0.5775, "2": 0.709, "4": 0.465}, "Cm": {"3": 0.97, "4": 0.8999999999999999}, "Cl": {"5": 0.12, "-1": 1.81, "7": 0.17500000000000002}, "Ca": {"2": 1.155}, "Cf": {"3": 0.95, "4": 0.8705}, "Ce": {"3": 1.1681666666666666, "4": 1.0125}, "Cd": {"2": 1.0066666666666668}, "Tm": {"3": 0.9753333333333334, "2": 1.06}, "Cs": {"1": 1.7883333333333333}, "Cr": {"3": 0.615, "2": 0.765, "5": 0.4683333333333333, "4": 0.48, "6": 0.35}, "Cu": {"1": 0.61, "3": 0.54, "2": 0.6299999999999999}, "La": {"3": 1.1896666666666667}, "Li": {"1": 0.7566666666666667}, "Tl": {"1": 1.5966666666666667, "3": 0.8716666666666667}, "Lu": {"3": 0.9566666666666667}, "Th": {"4": 1.0999999999999999}, "Ti": {"3": 0.67, "2": 0.86, "4": 0.56875}, "Te": {"6": 0.495, "4": 0.7166666666666667, "-2": 2.21}, "Tb": {"3": 1.0095, "4": 0.8200000000000001}, "Tc": {"5": 0.6, "4": 0.645, "7": 0.465}, "Ta": {"3": 0.72, "5": 0.6900000000000001, "4": 0.68}, "Yb": {"3": 0.9550000000000001, "2": 1.08}, "Dy": {"3": 0.998, "2": 1.1300000000000001}, "I": {"5": 0.695, "-1": 2.2, "7": 0.475}, "U": {"3": 1.025, "5": 0.8, "4": 1.012, "6": 0.674}, "Y": {"3": 0.9884999999999999}, "Ac": {"3": 1.12}, "Ag": {"1": 1.0614285714285714, "3": 0.71, "2": 0.865}, "Ir": {"3": 0.68, "5": 0.57, "4": 0.625}, "Am": {"3": 1.0325, "2": 1.26, "4": 0.8999999999999999}, "Al": {"3": 0.46833333333333343}, "As": {"3": 0.58, "5": 0.3975}, "Au": {"1": 1.37, "3": 0.765, "5": 0.57}, "At": {"7": 0.62}, "In": {"3": 0.7800000000000001}, "Mo": {"3": 0.69, "5": 0.535, "4": 0.65, "6": 0.5575}}